Type,Name,Request Count,Failure Count,Median Response Time,Average Response Time,Min Response Time,Max Response Time,Average Content Size,Requests/s,Failures/s,50%,66%,75%,80%,90%,95%,98%,99%,99.9%,99.99%,100%
GET,/admin/login/,50,0,15,17.347291999467416,7.415100000798702,51.13179999898421,4160.0,0.856635048667457,0.0,15,18,19,22,29,36,51,51,51,51,51
POST,/api/v1/auth/login,50,50,12,11.786493999825325,5.851100002473686,15.958500000124332,26.0,0.856635048667457,0.856635048667457,12,13,14,14,15,15,16,16,16,16,16
GET,GET /api/v1/courses/,559,559,6,6.478628086046235,2.9854000022169203,27.333799996995367,26.0,9.577179844102169,9.577179844102169,6,6,7,7,9,11,18,19,27,27,27
GET,GET /api/v1/courses/{id},397,397,6,6.5116508813209535,3.235199998016469,26.77889999904437,26.0,6.8016822864196085,6.8016822864196085,6,6,7,7,9,12,18,24,27,27,27
POST,POST /api/v1/contents/{id}/comments/,203,203,8,8.802884236394469,4.987100001017097,39.36520000570454,7554.0,3.4779382975898754,3.4779382975898754,8,8,9,9,11,19,24,28,39,39,39
POST,POST /api/v1/contents/{id}/comments/ (create for delete),203,203,7,8.254670443062343,4.730599997856189,25.16930000274442,7554.0,3.4779382975898754,3.4779382975898754,7,8,9,9,11,13,19,20,25,25,25
,Aggregated,1462,1412,6,7.610158276250775,2.9854000022169203,51.13179999898421,2257.920656634747,25.048008823036444,24.191373774368984,6,7,8,9,12,17,20,26,39,51,51
